あいかわらず,あいかわらず,as ever
アイデア,あいであ,idea
あいまい,あいまい,vague
遭う,あう,to meet
扇ぐ,あおぐ,to fan
青白い,あおじろい,pale
あかんぼう,あかんぼう,baby
明き,あき,room
あきれる,あきれる,to be amazed
アクセント,あくせんと,accent
あくび,あくび,yawn
飽くまで,あくまで,to the end
明け方,あけがた,dawn
揚げる,あげる,to lift
挙げる,あげる,to raise
あげる ,あげる ,to do for
憧れる,あこがれる,to long for
足跡,あしあと,footprints
味わう,あじわう,to taste
預かる,あずかる,to keep in custody
暖まる,あたたまる,to warm up
暖める,あたためる,to warm
あたりまえ,あたりまえ,usual
あちらこちら,あちらこちら,here and there
厚かましい,あつかましい,impudent
圧縮,あっしゅく,compression
宛名,あてな,address
あてはまる,あてはまる,to be applicable
あてはめる,あてはめる,to apply
暴れる,あばれる,to act violently
脂,あぶら,fat
あぶる,あぶる,to scorch
あふれる,あふれる,to flood
雨戸,あまど,sliding storm door
甘やかす,あまやかす,to pamper
余る,あまる,to remain
編物,あみもの,knitting
編む,あむ,to knit
危うい,あやうい,dangerous
怪しい,あやしい,suspicious
荒い,あらい,rough
粗い,あらい,coarse
あらすじ,あらすじ,outline
争う,あらそう,to dispute
改めて,あらためて,another time
改める,あらためる,to change
著す,あらわす,to write
有難い,ありがたい,grateful
在る,ある,to live
あれこれ,あれこれ,one thing or another
あわただしい,あわただしい,busy
あわてる,あわてる,to become confused
安易,あんい,easy-going
案外,あんがい,unexpectedly
アンテナ,あんてな,antenna
言い出す,いいだす,to start talking
言い付ける,いいつける,to tell
意義,いぎ,meaning
生き生き,いきいき,vividly
育児,いくじ,childcare
幾分,いくぶん,somewhat
以後,いご,after this
以降,いこう,on and after
イコール,いこーる,equal
勇ましい,いさましい,brave
衣食住,いしょくじゅう,necessities of life 
意地悪,いじわる,malicious
いちいち,いちいち,one by one
一応,いちおう,once
一段と,いちだんと,greater
一流,いちりゅう,first class
佚,いつ,be lost
一昨日,いっさくじつ,day before yesterday
一昨年,いっさくねん,year before last
一斉,いっせい,simultaneous
一旦,いったん,once
一定,いってい,fixed
いつのまにか,いつのまにか,before one knows
移転,いてん,moving
井戸,いど,water well
緯度,いど,latitude 
従姉妹,いとこ,cousin 
威張る,いばる,to be proud
嫌がる,いやがる,to hate
いよいよ,いよいよ,more and more
煎る,いる,to parch
入れ物,いれもの,container
インキ,いんき,ink
インタビュー,いんたびゅー,interview
引力,いんりょく,gravity
ウーマン,うーまん,woman
ウール,うーる,wool
ウエートレス,うえーとれす,waitress
植木,うえき,garden shrubs
飢える,うえる,to starve
浮ぶ,うかぶ,to float
浮かべる,うかべる,to float
浮く,うく,to float
受取,うけとり,receipt
受け持つ,うけもつ,to take 
薄暗い,うすぐらい,dim
薄める,うすめる,to dilute
打合せ,うちあわせ,business meeting
打ち消す,うちけす,to deny
討つ,うつ,to attack
うっかり,うっかり,carelessly
映す,うつす,to project
写る,うつる,to be photographed
映る,うつる,to be reflected
うどん,うどん,noodles 
有無,うむ,yes or no
埋める,うめる,to bury
敬う,うやまう,to show respect
裏返す,うらがえす,to turn inside out
裏口,うらぐち,backdoor
占う,うらなう,to forecast
恨み,うらみ,resentment
恨む,うらむ,to curse
羨ましい,うらやましい,envious
羨む,うらやむ,to envy
売上,うりあげ,amount sold
売り切れ,うりきれ,sold-out
売り切れる,うりきれる,to be sold out
売行き,うれゆき,sales
うろうろ,うろうろ,loiteringly
運河,うんが,canal
うんと,うんと,a great deal
英文,えいぶん,sentence in English
英和,えいわ,English-Japanese 
ええと,ええと,let me see
液体,えきたい,liquid
エチケット,えちけっと,etiquette
絵の具,えのぐ,colors
エプロン,えぷろん,apron
偉い,えらい,great
宴会,えんかい,party
園芸,えんげい,horticulture
演劇,えんげき,play 
円周,えんしゅう,circumference
遠足,えんそく,trip
延長,えんちょう,extension
煙突,えんとつ,chimney
追い掛ける,おいかける,to chase or run after someone
追い越す,おいこす,to pass 
オイル,おいる,oil
応援,おうえん,aid
王女,おうじょ,princess
応ずる,おうずる,to answer
応接,おうせつ,reception
応対,おうたい,receiving
欧米,おうべい,Europe and America
応用,おうよう,application
オーケストラ,おーけすとら,orchestra
おおざっぱ,おおざっぱ,rough 
大通り,おおどおり,main street
オートメーション,おーとめーしょん,automation
大凡,おおよそ,about
お帰り,おかえり,return
おかげさまで,おかげさまで,Thanks to god
おかず,おかず,side dish
拝む,おがむ,to worship
お代わり,おかわり,second helping
補う,おぎなう,to compensate for
屋外,おくがい,outdoors
送り仮名,おくりがな,part of word written in kana
怠る,おこたる,to neglect
押える,おさえる,to stop
おさきに,おさきに,before
納める,おさめる,to obtain
惜しい,おしい,regrettable
御辞儀,おじぎ,bow
伯父さん,おじさん,middle-aged gentleman
小父さん,おじさん,middle-aged gentleman
叔父さん,おじさん,middle-aged gentleman
おしゃれ,おしゃれ,smartly dressed
おじゃまします,おじゃまします,Excuse me for disturbing you
教わる,おそわる,to be taught
おだいじに,おだいじに,Take care of yourself
落着く,おちつく,to calm down
御手洗,おてあらい,font of purifying water placed at entrance of shrine
お手伝いさん,おてつだいさん,maid
おどかす,おどかす,to threaten
落し物,おとしもの,lost property
おととい,おととい,day before yesterday
おととし,おととし,year before last
おとなしい,おとなしい,obedient
驚かす,おどろかす,to surprise
おねがいします,おねがいします,please
各々,おのおの,each
お参り,おまいり,worship
おまたせしました,おまたせしました,Sorry to have kept you waiting
おまちください,おまちください,Please wait a moment
おまちどおさま,おまちどおさま,Sorry to have kept you waiting
おめでたい,おめでたい,happy event
思い掛けない,おもいがけない,unexpected
思い込む,おもいこむ,to be under impression that
思い付く,おもいつく,to think of
重たい,おもたい,heavy
親指,おやゆび,thumb
オルガン,おるがん,organ
卸す,おろす,to sell wholesale
恩恵,おんけい,grace
温室,おんしつ,greenhouse
温泉,おんせん,spa
温帯,おんたい,temperate zone
御中,おんちゅう,and Company
女の人,おんなのひと,woman
蚊,か,mosquito
貝,かい,shell
開会,かいかい,opening of a meeting
会館,かいかん,meeting hall
改札,かいさつ,examination of tickets
解散,かいさん,breakup
海水浴,かいすいよく,sea bathing
回数,かいすう,number of times
回数券,かいすうけん,book of tickets
改正,かいせい,revision
快晴,かいせい,good weather
解説,かいせつ,explanation
開通,かいつう,opening
回転,かいてん,rotation
解答,かいとう,answer
回答,かいとう,reply
外部,がいぶ,the outside
解放,かいほう,release
開放,かいほう,open
海洋,かいよう,ocean
概論,がいろん,intro
帰す,かえす,to send back
却って,かえって,on the contrary
代える,かえる,to exchange
反る,かえる,to warp
家屋,かおく,house
係わる,かかわる,to concern oneself in
書留,かきとめ,writing down
書取,かきとり,dictation
垣根,かきね,hedge
掻く,かく,to scratch
嗅ぐ,かぐ,to sniff
架空,かくう,aerial
各自,かくじ,individual
拡充,かくじゅう,expansion
学術,がくじゅつ,science
各地,かくち,every place
拡張,かくちょう,expansion
角度,かくど,angle
学年,がくねん,year in school
学部,がくぶ,department of a university
格別,かくべつ,exceptional
確率,かくりつ,probability
学力,がくりょく,scholarship
掛け算,かけざん,multiplication
可決,かけつ,approval
火口,かこう,a burner
下降,かこう,downward
重なる,かさなる,to be piled up
重ねる,かさねる,to pile up
飾り,かざり,decoration
火山,かざん,volcano
かしこまりました,かしこまりました,certainly!
貸し出し,かしだし,lending
過失,かしつ,error
果実,かじつ,fruit
貸間,かしま,room to let
貸家,かしや,house for rent
個所,かしょ,passage
過剰,かじょう,excess
かじる,かじる,to chew
課税,かぜい,taxation
下線,かせん,underline
カセット,かせっと,cassette 
加速,かそく,acceleration
加速度,かそくど,acceleration
固い,かたい,stubborn
堅い,かたい,hard 
片仮名,かたかな,katakana
片付く,かたづく,to put in order
塊,かたまり,lump
固まる,かたまる,to harden
片道,かたみち,one-way 
傾く,かたむく,to incline toward
片寄る,かたよる,to be one-sided
学科,がっか,study subject
学会,がっかい,scientific society
楽器,がっき,musical instrument
学級,がっきゅう,grade in school
担ぐ,かつぐ,to shoulder
括弧,かっこ,parenthesis
活字,かつじ,printing type
活躍,かつやく,activity
活力,かつりょく,vitality
仮定,かてい,assumption
過程,かてい,process
課程,かてい,course
仮名遣い,かなづかい,kana orthography
鐘,かね,bell
加熱,かねつ,heating
兼ねる,かねる,to hold 
カバー,かばー,cover 
過半数,かはんすう,majority
被せる,かぶせる,to cover 
釜,かま,iron pot
紙屑,かみくず,wastepaper
神様,かみさま,god
剃刀,かみそり,razor
ガム,がむ,chewing gum
貨物,かもつ,cargo
かゆい,かゆい,itchy
歌謡,かよう,song
殻,から,shell
カラー,からー,collar
からかう,からかう,to ridicule
空っぽ,からっぽ,empty
枯れる,かれる,to wither
カロリー,かろりー,calorie
かわいがる,かわいがる,to love
乾かす,かわかす,to dry 
渇く,かわく,to be thirsty
為替,かわせ,money order
瓦,かわら,roof tile
間隔,かんかく,space
換気,かんき,ventilation
感激,かんげき,deep emotion
鑑賞,かんしょう,appreciation
感ずる,かんずる,to feel
間接,かんせつ,indirection
乾燥,かんそう,dry
感想,かんそう,impressions
観測,かんそく,observation
寒帯,かんたい,frigid zone
官庁,かんちょう,government office
勘違い,かんちがい,misunderstanding
缶詰,かんづめ,packing 
乾電池,かんでんち,dry cell
関東,かんとう,eastern half of Japan
乾杯,かんぱい,toast 
看板,かんばん,sign
看病,かんびょう,nursing 
冠,かんむり,crown
漢和,かんわ,Chinese Character-Japanese 
気圧,きあつ,atmospheric pressure
器械,きかい,instrument
着替え,きがえ,changing clothes
機関車,きかんしゃ,locomotive
飢饉,ききん,famine
器具,きぐ,utensil
期限,きげん,term
記号,きごう,symbol
刻む,きざむ,to mince
儀式,ぎしき,ceremony
基準,きじゅん,standard
規準,きじゅん,standard
起床,きしょう,rising
着せる,きせる,to put on clothes
基礎,きそ,foundation
気体,きたい,vapour
基地,きち,base
きっかけ,きっかけ,chance
ぎっしり,ぎっしり,tightly
基盤,きばん,foundation
客席,きゃくせき,guest seating
客間,きゃくま,parlor
ギャング,ぎゃんぐ,gang
キャンパス,きゃんぱす,campus
休業,きゅうぎょう,closed 
休講,きゅうこう,lecture cancelled
休息,きゅうそく,rest
給与,きゅうよ,allowance
休養,きゅうよう,rest
清い,きよい,clear
強化,きょうか,strengthen
境界,きょうかい,boundary
行事,ぎょうじ,event
恐縮,きょうしゅく,shame
教養,きょうよう,culture
漁業,ぎょぎょう,fishing 
曲線,きょくせん,curve
規律,きりつ,order
気を付ける,きをつける,to be careful
金魚,きんぎょ,goldfish
区域,くいき,limits
偶数,ぐうすう,even number
空想,くうそう,daydream
空中,くうちゅう,sky
クーラー,くーらー,cooler
釘,くぎ,nail
区切る,くぎる,to punctuate
櫛,くし,comb
くしゃみ,くしゃみ,sneeze
苦情,くじょう,complaint
苦心,くしん,pain
屑,くず,waste
崩す,くずす,to destroy
薬指,くすりゆび,ring finger
崩れる,くずれる,to collapse
砕く,くだく,to break
砕ける,くだける,to break
くたびれる,くたびれる,to get tired
くだらない,くだらない,good-for-nothing
下る,くだる,to get down
唇,くちびる,lips
口紅,くちべに,lipstick
くっつく,くっつく,to adhere to
くっつける,くっつける,to attach
くどい,くどい,verbose
句読点,くとうてん,punctuation marks
配る,くばる,to distribute
工夫,くふう,labourer
区分,くぶん,division
組合せ,くみあわせ,combination
組み立てる,くみたてる,to assemble
酌む,くむ,to serve sake
悔しい,くやしい,regrettable
悔やむ,くやむ,to mourn
クリーニング,くりーにんぐ,cleaning
くるむ,くるむ,to be engulfed in
くれぐれも,くれぐれも,repeatedly
郡,ぐん,country
稽古,けいこ,practice
敬語,けいご,honorific
蛍光灯,けいこうとう,fluorescent lamp
形式,けいしき,form
継続,けいぞく,continuation
毛糸,けいと,knitting wool
経度,けいど,longitude
系統,けいとう,system
芸能,げいのう,public entertainment
競馬,けいば,horse racing
警備,けいび,defense
形容詞,けいようし,true adjective
形容動詞,けいようどうし,adjectival noun
外科,げか,surgical department
毛皮,けがわ,fur
激増,げきぞう,sudden increase
下車,げしゃ,alighting
下旬,げじゅん,month 
下水,げすい,drainage
削る,けずる,to cut down little by little
桁,けた,column
下駄,げた,geta 
血圧,けつあつ,blood pressure
血液,けつえき,blood
月給,げっきゅう,monthly salary
傑作,けっさく,masterpiece
月末,げつまつ,end of the month
気配,けはい,indication
下品,げひん,vulgarity
煙い,けむい,smoky
蹴る,ける,to kick
険しい,けわしい,inaccessible place
見学,けんがく,inspection
謙虚,けんきょ,modesty
原稿,げんこう,manuscript
原産,げんさん,place of origin
原始,げんし,origin
研修,けんしゅう,training
厳重,げんじゅう,strict
謙遜,けんそん,humble
県庁,けんちょう,prefectural office
限度,げんど,limit
現に,げんに,actually
顕微鏡,けんびきょう,microscope
原理,げんり,principle
原料,げんりょう,raw materials
碁,ご,Go 
請う,こう,to ask
工員,こういん,factory worker
強引,ごういん,overbearing
公害,こうがい,public nuisance
高級,こうきゅう,high class
公共,こうきょう,public
工芸,こうげい,industrial arts
孝行,こうこう,filial piety
交差,こうさ,cross
講師,こうし,lecturer
工事,こうじ,construction work
公式,こうしき,formula
口実,こうじつ,excuse
こうして,こうして,thus
校舎,こうしゃ,school building
公衆,こうしゅう,the public
香水,こうすい,perfume
公正,こうせい,justice
功績,こうせき,achievements
光線,こうせん,beam
高層,こうそう,upper
構造,こうぞう,structure
交替,こうたい,alternation
耕地,こうち,arable land
交通機関,こうつうきかん,transportation facilities
校庭,こうてい,campus
肯定,こうてい,positive
高度,こうど,altitude
高等,こうとう,high class
合同,ごうどう,combination
後輩,こうはい,junior 
公表,こうひょう,official announcement
鉱物,こうぶつ,mineral
公務,こうむ,official business
項目,こうもく,item
合理,ごうり,rational
交流,こうりゅう,alternating current
合流,ごうりゅう,confluence
効力,こうりょく,effect
超える,こえる,to exceed
コース,こーす,course
コーラス,こーらす,chorus
焦がす,こがす,to burn
国王,こくおう,king
国籍,こくせき,nationality
国立,こくりつ,national
ごくろうさま,ごくろうさま,Thank you very much for your....
焦げる,こげる,to burn
凍える,こごえる,to freeze
心当たり,こころあたり,having some knowledge of
心得る,こころえる,to be informed
腰掛け,こしかけ,seat
腰掛ける,こしかける,to sit 
五十音,ごじゅうおん,the Japanese syllabary
胡椒,こしょう,pepper
こしらえる,こしらえる,to make
超す,こす,to cross
擦る,こする,to rub
個体,こたい,an individual
御馳走,ごちそう,feast
ごちそうさま,ごちそうさま,feast
こちらこそ,こちらこそ,it is I who should say so
小遣い,こづかい,personal expenses
こっそり,こっそり,stealthily
古典,こてん,old book
琴,こと,Koto 
言付ける,ことづける,to send word
言葉遣い,ことばづかい,speech
こないだ,こないだ,the other day
御無沙汰,ごぶさた,not writing or contacting for a while
こぼす,こぼす,to spill
こぼれる,こぼれる,to overflow
塵芥,ごみ,trash
ゴム,ごむ,gum
御免,ごめん,your pardon
ごめんください,ごめんください,May I come in?
小指,こゆび,little finger
こらえる,こらえる,to bear
娯楽,ごらく,pleasure
転がす,ころがす,to roll
転がる,ころがる,to roll
紺,こん,navy blue
コンクール,こんくーる,contest 
コンクリート,こんくりーと,concrete
混合,こんごう,mixing
献立,こんだて,menu
こんばんは,こんばんは,good evening
サークル,さーくる,circle
再三,さいさん,again and again
祭日,さいじつ,national holiday
催促,さいそく,request
採点,さいてん,marking
災難,さいなん,calamity
裁縫,さいほう,sewing
材木,ざいもく,lumber
サイレン,さいれん,siren
逆さ,さかさ,reverse
逆様,さかさま,inversion
捜す,さがす,to search
遡る,さかのぼる,to go back
酒場,さかば,bar
さきおととい,さきおととい,two days before yesterday
先程,さきほど,some time ago
裂く,さく,to tear
索引,さくいん,index
作者,さくしゃ,author
削除,さくじょ,elimination
作成,さくせい,frame
作製,さくせい,manufacture
探る,さぐる,to search
囁く,ささやく,to whisper
刺さる,ささる,to stick
匙,さじ,spoon
座敷,ざしき,tatami room
差し支え,さしつかえ,hindrance
差し引き,さしひき,deduction
刺身,さしみ,sliced raw fish
刺す,さす,to pierce
挿す,さす,to insert
注す,さす,to pour 
射す,さす,to shine
流石,さすが,clever
撮影,さつえい,photographing
雑音,ざつおん,noise 
さっさと,さっさと,quickly
早速,さっそく,at once
錆,さび,rust 
錆びる,さびる,to rust
座布団,ざぶとん,cushion 
冷ます,さます,to cool
妨げる,さまたげる,to disturb
冷める,さめる,to become cool
さようなら,さようなら,good-bye
再来月,さらいげつ,month after next
再来週,さらいしゅう,week after next
再来年,さらいねん,year after next
サラリーマン,さらりーまん,salary man
騒がしい,さわがしい,noisy
さわやか,さわやか,fresh
三角,さんかく,triangle
算数,さんすう,arithmetic
酸性,さんせい,acidity
産地,さんち,producing area
サンプル,さんぷる,sample
山林,さんりん,mountain forest
仕上がる,しあがる,to be finished
しあさって,しあさって,two days after tomorrow
シーズン,しーずん,season 
シーツ,しーつ,sheet
寺院,じいん,temple
自衛,じえい,self-defense
塩辛い,しおからい,salty 
司会,しかい,chairmanship
四角,しかく,square
四角い,しかくい,square
時間割,じかんわり,timetable
四季,しき,four seasons
敷地,しきち,site
至急,しきゅう,urgent
敷く,しく,to spread out
茂る,しげる,to grow thick
持参,じさん,bringing
磁石,じしゃく,magnet
四捨五入,ししゃごにゅう,rounding up 
始終,しじゅう,continuously
自習,じしゅう,self-study
静まる,しずまる,to quieten down
姿勢,しせい,attitude
自然科学,しぜんかがく,natural science
時速,じそく,speed 
子孫,しそん,descendants
死体,したい,corpse
下書き,したがき,rough copy
下町,したまち,Shitamachi
自治,じち,self-government
実感,じっかん,feelings 
湿気,しっけ,moisture
湿気,しっき,moisture
しつこい,しつこい,insistent
実習,じっしゅう,practice
実績,じっせき,achievements
湿度,しつど,level of humidity
執筆,しっぴつ,writing
実物,じつぶつ,real thing
しっぽ,しっぽ,tail 
実用,じつよう,practical use
実力,じつりょく,merit
実例,じつれい,example
失恋,しつれん,disappointed love
指定,してい,designation
私鉄,してつ,private railway
児童,じどう,children
縛る,しばる,to tie
しびれる,しびれる,to become numb
紙幣,しへい,paper money
しぼむ,しぼむ,to wither
絞る,しぼる,to press
縞,しま,stripe
地味,じみ,plain
しみじみ,しみじみ,keenly
氏名,しめい,full name
締切,しめきり,closing
締め切る,しめきる,to shut up
湿る,しめる,to be wet
ジャーナリスト,じゃーなりすと,journalist
社会科学,しゃかいかがく,social science
しゃがむ,しゃがむ,to squat
蛇口,じゃぐち,faucet
弱点,じゃくてん,weak point
車庫,しゃこ,garage
写生,しゃせい,sketching
社説,しゃせつ,editorial
しゃっくり,しゃっくり,hiccough
シャッター,しゃったー,shutter
しゃぶる,しゃぶる,to suck
洒落,しゃれ,joke
集会,しゅうかい,meeting
住居,じゅうきょ,dwelling
集金,しゅうきん,money collection
集合,しゅうごう,gathering
習字,しゅうじ,penmanship
修繕,しゅうぜん,repair
重体,じゅうたい,seriously ill
終点,しゅうてん,terminus
重点,じゅうてん,important point
就任,しゅうにん,inauguration
周辺,しゅうへん,circumference
重役,じゅうやく,director
終了,しゅうりょう,end
重力,じゅうりょく,gravity
熟語,じゅくご,idiom
祝日,しゅくじつ,national holiday
縮小,しゅくしょう,reduction
受験,じゅけん,taking an examination
出勤,しゅっきん,going to work
述語,じゅつご,predicate
出張,しゅっちょう,official tour
寿命,じゅみょう,life span
主役,しゅやく,leading part
循環,じゅんかん,circulation
巡査,じゅんさ,police
順々,じゅんじゅん,in order
順序,じゅんじょ,order
純情,じゅんじょう,pure heart
純粋,じゅんすい,pure
消化,しょうか,digestion
小学生,しょうがくせい,grade school student
将棋,しょうぎ,Japanese chess
蒸気,じょうき,steam
上級,じょうきゅう,advanced level
商業,しょうぎょう,commerce
消極的,しょうきょくてき,passive
賞金,しょうきん,prize
上下,じょうげ,high and low
障子,しょうじ,paper sliding door
商社,しょうしゃ,trading company
乗車,じょうしゃ,taking a train
上旬,じょうじゅん,first 10 days of month
生ずる,しょうずる,to cause
小数,しょうすう,fraction 
商店,しょうてん,shop
焦点,しょうてん,focus
消毒,しょうどく,disinfection
勝敗,しょうはい,victory or defeat
蒸発,じょうはつ,evaporation
賞品,しょうひん,prize
勝負,しょうぶ,victory or defeat
消防署,しょうぼうしょ,fire station
正味,しょうみ,net 
正面,しょうめん,the front
消耗,しょうもう,exhaustion
醤油,しょうゆ,soy sauce
省略,しょうりゃく,omission
初級,しょきゅう,elementary level
助教授,じょきょうじゅ,assistant professor
食塩,しょくえん,table salt
職人,しょくにん,worker
初旬,しょじゅん,first 10 days of the month
書籍,しょせき,book
食器,しょっき,tableware
ショップ,しょっぷ,a shop
書店,しょてん,bookshop
書道,しょどう,calligraphy
白髪,しらが,white or grey hair
知合い,しりあい,acquaintance
シリーズ,しりーず,series
私立,しりつ,private 
資料,しりょう,materials
汁,しる,juice
素人,しろうと,amateur
芯,しん,core
新幹線,しんかんせん,bullet train 
真空,しんくう,vacuum
信ずる,しんずる,to believe
心身,しんしん,mind and body
申請,しんせい,application
人造,じんぞう,man-made
寝台,しんだい,bed
診断,しんだん,diagnosis
侵入,しんにゅう,penetration
人文科学,じんぶんかがく,social sciences
深夜,しんや,late at night
森林,しんりん,forest
親類,しんるい,relation
針路,しんろ,course
神話,しんわ,myth
酢,す,vinegar
水産,すいさん,marine products
炊事,すいじ,cooking
水蒸気,すいじょうき,water vapour
水素,すいそ,hydrogen
垂直,すいちょく,vertical
推定,すいてい,presumption
水滴,すいてき,drop of water
水筒,すいとう,canteen
随筆,ずいひつ,essays
水分,すいぶん,moisture
水平,すいへい,water level
水平線,すいへいせん,horizon
水曜,すいよう,Wednesday
ずうずうしい,ずうずうしい,impudent
末っ子,すえっこ,youngest child
スカーフ,すかーふ,scarf
図鑑,ずかん,picture book
杉,すぎ,Japanese cedar
好き嫌い,すききらい,likes and dislikes
好き好き,すきずき,matter of taste
透き通る,すきとおる,to be
隙間,すきま,crevice
スクール,すくーる,school
すくなくとも,すくなくとも,at least
図形,ずけい,figure
スケジュール,すけじゅーる,schedule
鈴,すず,bell
涼む,すずむ,to cool oneself
スタート,すたーと,start
スチュワーデス,すちゅわーです,stewardess
すっきり,すっきり,shapely
すっぱい,すっぱい,sour
ストッキング,すとっきんぐ,stockings
ストップ,すとっぷ,stop
素直,すなお,obedient
頭脳,ずのう,head
スピーカー,すぴーかー,speaker
図表,ずひょう,chart
スマート,すまーと,smart
住まい,すまい,dwelling
すまない,すまない,sorry 
墨,すみ,ink
澄む,すむ,to clear 
相撲,すもう,sumo wrestling
スライド,すらいど,slide
ずらす,ずらす,to put off
掏摸,すり,pickpocket
刷る,する,to print
狡い,ずるい,sly
すれちがう,すれちがう,to pass by one another
寸法,すんぽう,measurement
姓,せい,surname
税関,ぜいかん,customs house
製作,せいさく,manufacture
制作,せいさく,work 
性質,せいしつ,nature
清書,せいしょ,clean copy
青少年,せいしょうねん,youth
整数,せいすう,integer
清掃,せいそう,cleaning
生存,せいぞん,existence
生長,せいちょう,growth
生年月日,せいねんがっぴ,birth date
性能,せいのう,ability
整備,せいび,adjustment
成分,せいぶん,ingredient
性別,せいべつ,distinction by sex
正方形,せいほうけい,square
正門,せいもん,main gate
成立,せいりつ,coming into existence
西暦,せいれき,Christian Era
背負う,せおう,to be burdened with
赤道,せきどう,equator
折角,せっかく,with trouble
接近,せっきん,getting closer
石鹸,せっけん,soap
接する,せっする,to come in contact with
瀬戸物,せともの,earthenware
ぜひとも,ぜひとも,by all means 
迫る,せまる,to draw near
せめて,せめて,offense
攻める,せめる,to attack
セメント,せめんと,cement
栓,せん,stopper
前後,ぜんご,around
洗剤,せんざい,detergent
全集,ぜんしゅう,complete works
全身,ぜんしん,the whole body
扇子,せんす,folding fan
専制,せんせい,despotism
先々月,せんせんげつ,month before last
先祖,せんぞ,ancestor
先端,せんたん,pointed end
センチ,せんち,centimeter
宣伝,せんでん,propaganda
先頭,せんとう,head
扇風機,せんぷうき,electric fan
線路,せんろ,line
相違,そうい,difference
そういえば,そういえば,which reminds me ..
雑巾,ぞうきん,house-cloth
増減,ぞうげん,increase and decrease
倉庫,そうこ,storehouse
相互,そうご,mutual
創作,そうさく,production
葬式,そうしき,funeral
そうして,そうして,and
造船,ぞうせん,shipbuilding
騒々しい,そうぞうしい,noisy
増大,ぞうだい,enlargement
送別,そうべつ,farewell
草履,ぞうり,zoori 
総理大臣,そうりだいじん,Prime Minister
送料,そうりょう,postage
属する,ぞくする,to belong to
続々,ぞくぞく,successively
速達,そくたつ,express
測定,そくてい,measurement
測量,そくりょう,measurement
速力,そくりょく,speed
素質,そしつ,character
祖先,そせん,ancestor
そそっかしい,そそっかしい,careless
卒直,そっちょく,frankness
具える,そなえる,to be furnished with
そのうえ,そのうえ,in addition
そのため,そのため,hence
そのほか,そのほか,otherwise
蕎麦,そば,soba 
剃る,そる,to shave
逸れる,それる,to stray 
揃う,そろう,to become complete
揃える,そろえる,to put things in order
算盤,そろばん,abacus
損得,そんとく,loss and gain
田ぼ,たんぼ,paddy field
退院,たいいん,leaving hospital
大学院,だいがくいん,graduate school
大工,だいく,carpenter
体系,たいけい,system
太鼓,たいこ,drum
対策,たいさく,counter-plan
対照,たいしょう,contrast
大小,だいしょう,size
体制,たいせい,order
体積,たいせき,capacity
大層,たいそう,very much
体操,たいそう,gymnastics
大分,だいぶん,considerably
大木,たいぼく,large tree
題名,だいめい,title
代名詞,だいめいし,pronoun
タイア,たいあ,tire
ダイヤグラム,だいやぐらむ,diagram
ダイヤモンド,だいやもんど,diamond
ダイヤル,だいやる,dial
Ͼ立,たいりつ,confrontation
田植え,たうえ,rice planting
絶えず,たえず,constantly
楕円,だえん,ellipse
高める,たかめる,to raise
耕す,たがやす,to till
滝,たき,waterfall
炊く,たく,to boil
焚く,たく,to burn
蓄える,たくわえる,to store
竹,たけ,bamboo
助かる,たすかる,to be saved
只,ただ,free of charge
但し,ただし,but
畳む,たたむ,to fold 
立ち止まる,たちどまる,to stop
たちまち,たちまち,at once
建つ,たつ,to erect
発つ,たつ,to depart 
脱線,だっせん,derailment
妥当,だとう,valid
例える,たとえる,to compare
頼もしい,たのもしい,reliable
足袋,たび,tabi
ダブル,だぶる,double
だます,だます,to trick
溜まる,たまる,to collect
ダム,だむ,dumb
溜息,ためいき,a sigh
ためらう,ためらう,to hesitate
溜める,ためる,to amass
だらしない,だらしない,slovenly
足る,たる,to be sufficient
段階,だんかい,gradation
短期,たんき,short term
炭鉱,たんこう,coal mine
たんす,たんす,chest of drawers
淡水,たんすい,fresh water
断水,だんすい,water outage
単数,たんすう,singular 
団地,だんち,multi-unit apartments
断定,だんてい,conclusion
短編,たんぺん,short 
誓う,ちかう,to swear
地下水,ちかすい,underground water
近々,ちかぢか,nearness
近付ける,ちかづける,to bring near
近寄る,ちかよる,to approach
力強い,ちからづよい,reassuring
ちぎる,ちぎる,to cut up fine
地質,ちしつ,geological features
知人,ちじん,friend
地帯,ちたい,area
縮む,ちぢむ,to shrink
縮める,ちぢめる,to shorten
縮れる,ちぢれる,to be wavy
地点,ちてん,site
地名,ちめい,place name
着々,ちゃくちゃく,steadily
茶碗,ちゃわん,rice bowl
中間,ちゅうかん,middle
中旬,ちゅうじゅん,second third of a month
抽象,ちゅうしょう,abstract
中世,ちゅうせい,Middle Ages
中性,ちゅうせい,neuter gender
中途,ちゅうと,in the middle
中年,ちゅうねん,middle-aged
超過,ちょうか,excess
彫刻,ちょうこく,carving
長女,ちょうじょ,eldest daughter
調整,ちょうせい,regulation
調節,ちょうせつ,regulation
長短,ちょうたん,length
頂点,ちょうてん,top
長男,ちょうなん,eldest son
長方形,ちょうほうけい,rectangle
調味料,ちょうみりょう,condiment
チョーク,ちょーく,chock
直後,ちょくご,immediately following
直線,ちょくせん,straight line
直前,ちょくぜん,just before
直通,ちょくつう,direct communication
直流,ちょくりゅう,direct current
貯蔵,ちょぞう,storage
直角,ちょっかく,right angle
直径,ちょっけい,diameter
散らかす,ちらかす,to scatter around
散らかる,ちらかる,to be in disorder
散らす,ちらす,to scatter
塵紙,ちりがみ,tissue paper
散る,ちる,to fall
追加,ついか,addition
ついで,ついで,opportunity
通貨,つうか,currency
通勤,つうきん,commuting to work
通知,つうち,notice
通帳,つうちょう,passbook
通訳,つうやく,interpretation
通用,つうよう,popular use
通路,つうろ,passage
付合う,つきあう,to associate with
突き当たり,つきあたり,end 
突き当たる,つきあたる,to run into
月日,つきひ,time
点く,つく,to catch fire
次ぐ,つぐ,to rank next to
作る,つくる,to make
点ける,つける,to turn on
浸ける,つける,to dip in
伝わる,つたわる,to be handed down
突っ込む,つっこむ,to plunge into
綱,つな,rope
繋がり,つながり,connection
繋がる,つながる,to be tied together
繋げる,つなげる,to connect
粒,つぶ,grain
潰す,つぶす,to smash
潰れる,つぶれる,to be smashed
つまずく,つまずく,to stumble
詰まる,つまる,to be blocked
積む,つむ,to pile up
爪,つめ,fingernail or toenail
艶,つや,gloss
強気,つよき,firm
釣り合う,つりあう,to balance
吊る,つる,to hang
吊す,つるす,to hang
出合い,であい,an encounter
手洗い,てあらい,restroom
定員,ていいん,fixed number of regular personnel
定価,ていか,established price
低下,ていか,fall
定期券,ていきけん,commuter pass
定休日,ていきゅうび,regular holiday
停止,ていし,suspension
停車,ていしゃ,stopping 
停電,ていでん,failure of electricity
出入り,でいり,in and out
出入口,でいりぐち,exit and entrance
手入れ,ていれ,repairs
出掛ける,でかける,to depart
出来上がり,できあがり,be finished
的確,てきかく,precise
適確,てきかく,precise
手首,てくび,wrist
凸凹,でこぼこ,unevenness
手頃,てごろ,moderate
手帳,てちょう,notebook
鉄橋,てっきょう,railway bridge
手続き,てつづき,procedure
鉄砲,てっぽう,gun
テニスコート,てにすこーと,tennis court
手前,てまえ,before
出迎え,でむかえ,meeting
出迎える,でむかえる,to meet
照らす,てらす,to shine on
照る,てる,to shine
展開,てんかい,develop
伝記,でんき,biography
電球,でんきゅう,light bulb
点数,てんすう,marks
伝染,でんせん,contagion
電池,でんち,battery
点々,てんてん,here and there
電柱,でんちゅう,telephone pole
天皇,てんのう,Emperor of Japan
電波,でんぱ,electro-magnetic wave
テンポ,てんぽ,tempo
電流,でんりゅう,electric current
電力,でんりょく,electric power
問い合わせ,といあわせ,enquiry
銅,どう,copper
統一,とういつ,unity
同格,どうかく,the same rank
峠,とうげ,ridge
統計,とうけい,scattering
動作,どうさ,action
東西,とうざい,East and West
当日,とうじつ,appointed day
投書,とうしょ,letter to the editor
登場,とうじょう,entry 
どうせ,どうせ,anyhow
どうぞよろしく,どうぞよろしく,pleased to meet you
灯台,とうだい,lighthouse
盗難,とうなん,theft
当番,とうばん,being on duty
等分,とうぶん,division into equal parts
透明,とうめい,transparency
灯油,とうゆ,lamp oil
東洋,とうよう,Orient
童話,どうわ,fairy tale
通り掛かる,とおりかかる,to happen to pass by
溶かす,とかす,to melt
尖る,とがる,to taper to a point
どきどき,どきどき,throb
溶く,とく,to dissolve 
特殊,とくしゅ,special
特色,とくしょく,characteristic
特長,とくちょう,forte
特定,とくてい,specific
特売,とくばい,special sale
溶け込む,とけこむ,to melt into
溶ける,とける,to melt
退ける,どける,to remove
床の間,とこのま,alcove
床屋,とこや,barber
所々,ところどころ,here and there
都心,としん,heart 
戸棚,とだな,cupboard
とっくに,とっくに,long ago
どっと,どっと,suddenly
整う,ととのう,to be prepared
どなる,どなる,to shout
飛び込む,とびこむ,to jump in
跳ぶ,とぶ,to jump
泊める,とめる,to give shelter to
ともかく,ともかく,anyhow
捕える,とらえる,to seize
取り入れる,とりいれる,to harvest
取り消す,とりけす,to cancel
取り出す,とりだす,to take out
捕る,とる,to take
トレーニング,とれーにんぐ,training
丼,どんぶり,porcelain bowl
内科,ないか,internist clinic
内線,ないせん,phone extension
ナイロン,ないろん,nylon
治す,なおす,to cure
永い,ながい,long
仲直り,なかなおり,reconciliation
長引く,ながびく,to be prolonged
中身,なかみ,contents
中味,なかみ,contents
中指,なかゆび,middle finger
仲良し,なかよし,intimate friend
慰める,なぐさめる,to comfort
亡くす,なくす,to lose someone
なぐる,なぐる,to strike
為す,なす,to accomplish
謎謎,なぞなぞ,riddle
懐かしい,なつかしい,dear
撫でる,なでる,to brush gently
斜め,ななめ,obliqueness
なにしろ,なにしろ,at any rate
何々,なになに,such and such
何分,なにぶん,what minute?
生意気,なまいき,impertinent
並木,なみき,roadside tree
倣う,ならう,to imitate
鳴らす,ならす,to ring
生る,なる,to bear fruit
馴れる,なれる,to become domesticated
南極,なんきょく,south pole
なんとなく,なんとなく,somehow or other
なんとも,なんとも,nothing 
ナンバー,なんばー,number
南米,なんべい,South America
南北,なんぼく,south and north
煮える,にえる,to boil
匂う,におう,to be fragrant
逃がす,にがす,to let loose
憎い,にくい,hateful
憎む,にくむ,to hate
憎らしい,にくらしい,odious
濁る,にごる,to become muddy
虹,にじ,rainbow
日時,にちじ,date and time
日用品,にちようひん,daily necessities
日課,にっか,daily lesson
日程,にってい,agenda
鈍い,にぶい,dull 
入社,にゅうしゃ,entry to a company
女房,にょうぼう,wife
睨む,にらむ,to glare at
煮る,にる,to boil
俄,にわか,sudden
縫う,ぬう,to sew
濡らす,ぬらす,to wet
捩る,ねじる,to twist
ネックレス,ねっくれす,necklace
熱する,ねっする,to heat
寝間着,ねまき,sleep-wear
寝巻,ねまき,sleep-wear
狙い,ねらい,aim
狙う,ねらう,to aim at
年度,ねんど,year
農産物,のうさんぶつ,agricultural produce
農村,のうそん,agricultural community
濃度,のうど,concentration
農薬,のうやく,agricultural chemicals
能率,のうりつ,efficiency
のこぎり,のこぎり,saw
残らず,のこらず,all
載せる,のせる,to place on 
覗く,のぞく,to peep in
延ばす,のばす,to lengthen
延びる,のびる,to be prolonged
上り,のぼり,up-train 
上る,のぼる,to ascend
糊,のり,paste
載る,のる,to appear 
鈍い,のろい,dull 
のろのろ,のろのろ,slowly
呑気,のんき,carefree
灰色,はいいろ,grey
俳句,はいく,haiku poetry
売店,ばいてん,shop
売買,ばいばい,trade
這う,はう,to creep
ばからしい,ばからしい,absurd
秤,はかり,scales
量る,はかる,to measure
測る,はかる,to measure
吐き気,はきけ,nausea
はきはき,はきはき,lucidly
掃く,はく,to sweep
歯車,はぐるま,gear
バケツ,ばけつ,bucket
挟まる,はさまる,to get between
挟む,はさむ,to interpose
箸,はし,chopsticks
梯子,はしご,ladder
始めに,はじめに,to begin with
はじめまして,はじめまして,How do you do?
外れる,はずれる,to be disconnected
パターン,ぱたーん,pattern
肌着,はだぎ,underwear
果して,はたして,as was expected
鉢,はち,a bowl
発揮,はっき,exhibition
バック,ばっく,back
発射,はっしゃ,firing
発想,はっそう,expression 
発電,はつでん,generation 
発売,はつばい,sale
派手,はで,showy
話合い,はなしあい,discussion
話し掛ける,はなしかける,to accost a person
話中,はなしちゅう,while talking
甚だしい,はなはだしい,extreme
花火,はなび,fireworks
花嫁,はなよめ,bride
放れる,はなれる,to leave
羽根,はね,shuttlecock
ばね,ばね,spring 
跳ねる,はねる,to jump
破片,はへん,fragment
歯磨き,はみがき,dentifrice
早口,はやくち,fast-talking
流行る,はやる,to flourish
払い込む,はらいこむ,to deposit
払い戻す,はらいもどす,to repay
バランス,ばらんす,balance
針金,はりがね,wire
張り切る,はりきる,to be in high spirits
反映,はんえい,reflection
半径,はんけい,radius
判子,はんこ,seal 
万歳,ばんざい,hurrah
判事,はんじ,judge
反省,はんせい,reflection
番地,ばんち,house number
パンツ,ぱんつ,underpants
バンド,ばんど,band
半島,はんとう,peninsula
ハンドル,はんどる,handle
日当たり,ひあたり,exposure to the sun
日帰り,ひがえり,day trip
比較的,ひかくてき,comparatively
日陰,ひかげ,shadow
ぴかぴか,ぴかぴか,glitter
引受る,ひきうける,to undertake
引返す,ひきかえす,to repeat
引算,ひきざん,subtraction
引出す,ひきだす,to pull out
引き止める,ひきとめる,to detain
卑怯,ひきょう,cowardice
引分け,ひきわけ,a draw 
髭,ひげ,moustache
陽射,ひざし,sunlight
肘,ひじ,elbow
ピストル,ぴすとる,pistol
ビタミン,びたみん,vitamin
引っ掛かる,ひっかかる,to be caught in
引っ繰り返す,ひっくりかえす,to turn over
引っ繰り返る,ひっくりかえる,to be overturned
引越し,ひっこし,moving 
引っ込む,ひっこむ,to draw back
筆者,ひっしゃ,writer
必需品,ひつじゅひん,necessities
人差指,ひとさしゆび,index finger
一通り,ひととおり,ordinary
人通り,ひとどおり,pedestrian traffic
ひとまず,ひとまず,for the present
瞳,ひとみ,pupil 
一休み,ひとやすみ,a rest
独り言,ひとりごと,a soliloquy
ひとりでに,ひとりでに,by itself
ビニール,びにーる,vinyl
皮肉,ひにく,cynicism
日日,ひにち,every day
捻る,ひねる,to turn 
日の入り,ひのいり,sunset
日の出,ひので,sunrise
響き,ひびき,echo
響く,ひびく,to resound
皮膚,ひふ,skin
冷やす,ひやす,to cool
ひゃっかじてん,ひゃっかじてん,encyclopedia
美容,びよう,beauty of figure or form
表紙,ひょうし,front cover
標識,ひょうしき,sign
標準,ひょうじゅん,standard
標本,ひょうほん,example
評論,ひょうろん,criticism
平仮名,ひらがな,hiragana
ビルディング,びるでぃんぐ,building
昼寝,ひるね,nap 
広げる,ひろげる,to spread
広さ,ひろさ,extent
広場,ひろば,plaza
広々,ひろびろ,extensive
広める,ひろめる,to broaden
ピンク,ぴんく,pink
便箋,びんせん,writing paper
瓶詰,びんづめ,bottling
ファスナー,ふぁすなー,fastener
風船,ふうせん,balloon
不運,ふうん,unlucky
殖える,ふえる,to increase
深まる,ふかまる,to deepen
不規則,ふきそく,irregularity
普及,ふきゅう,diffusion
付近,ふきん,neighbourhood
拭く,ふく,to wipe
副詞,ふくし,adverb
複写,ふくしゃ,copy
複数,ふくすう,plural
含める,ふくめる,to include
膨らます,ふくらます,to swell
膨らむ,ふくらむ,to expand
不潔,ふけつ,unclean
更ける,ふける,to get late
符号,ふごう,sign
夫妻,ふさい,man and wife
塞がる,ふさがる,to be plugged up
塞ぐ,ふさぐ,to stop up
ふざける,ふざける,to romp
無沙汰,ぶさた,neglecting to stay in contact
武士,ぶし,warrior
部首,ぶしゅ,radical 
襖,ふすま,sliding screen
附属,ふぞく,attached
蓋,ふた,cover
不通,ふつう,suspension
ぶつかる,ぶつかる,to strike
ぶつける,ぶつける,to knock
物騒,ぶっそう,dangerous
ぶつぶつ,ぶつぶつ,grumbling
船便,ふなびん,surface mail 
部品,ぶひん,parts
吹雪,ふぶき,snow storm
父母,ふぼ,father and mother
踏切,ふみきり,railway crossing
麓,ふもと,the foot
増やす,ふやす,to increase
殖やす,ふやす,to increase
フライパン,ふらいぱん,fry pan
ブラウス,ぶらうす,blouse
ぶらさげる,ぶらさげる,to hang
ブラシ,ぶらし,brushy
プラスチック,ぷらすちっく,plastic
プラットホーム,ぷらっとほーむ,platform
フリー,ふりー,free
プリント,ぷりんと,print
振舞う,ふるまう,to behave
ブローチ,ぶろーち,brooch
プログラム,ぷろぐらむ,program
風呂敷,ふろしき,wrapping cloth
ふわふわ,ふわふわ,light
噴火,ふんか,eruption
分解,ぶんかい,analysis
文芸,ぶんげい,literature
文献,ぶんけん,literature
噴水,ふんすい,water fountain
分数,ぶんすう,fraction 
文体,ぶんたい,literary style
分布,ぶんぷ,distribution
文房具,ぶんぼうぐ,stationery
文脈,ぶんみゃく,context
分量,ぶんりょう,amount
分類,ぶんるい,classification
閉会,へいかい,closure
平気,へいき,coolness
平日,へいじつ,weekday
兵隊,へいたい,soldier
平凡,へいぼん,common
平野,へいや,plain
凹む,へこむ,to be dented
へそ,へそ,navel
隔てる,へだてる,to be shut out
別荘,べっそう,holiday house
別々,べつべつ,separately
ベテラン,べてらん,veteran
ヘリコプター,へりこぷたー,helicopter
へる,へる,to decrease 
ぺん,ぺん,pen
編集,へんしゅう,editing
便所,べんじょ,toilet
望遠鏡,ぼうえんきょう,telescope
方角,ほうがく,direction
方言,ほうげん,dialect
坊さん,ぼうさん,Buddhist priest
防止,ぼうし,prevention
方針,ほうしん,objective
包装,ほうそう,packing
法則,ほうそく,law
包帯,ほうたい,bandage
膨大,ぼうだい,huge
庖丁,ほうちょう,kitchen knife
方程式,ほうていしき,equation
防犯,ぼうはん,prevention of crime
方面,ほうめん,direction
坊や,ぼうや,boy
放る,ほうる,to let go
ボーナス,ぼーなす,bonus
朗らか,ほがらか,brightness
牧畜,ぼくちく,stock-farming
保健,ほけん,health preservation
募集,ぼしゅう,recruiting
干す,ほす,to air
ポスター,ぽすたー,poster
北極,ほっきょく,North Pole
坊っちゃん,ぼっちゃん,son 
ほどく,ほどく,to unfasten
堀,ほり,moat
掘る,ほる,to dig
彫る,ほる,to carve
ぼろ,ぼろ,rag
盆,ぼん,Lantern Festival
盆地,ぼんち,basin 
本部,ほんぶ,headquarters
本来,ほんらい,essentially
まあまあ,まあまあ,so-so
枚数,まいすう,the number of flat things
毎度,まいど,each time
マイナス,まいなす,minus
巻く,まく,to wind
蒔く,まく,to sow 
撒く,まく,to scatter
枕,まくら,pillow
曲げる,まげる,to bend
まごまご,まごまご,confused
摩擦,まさつ,friction
混ざる,まざる,to be mixed
交ざる,まざる,to be mixed
混じる,まじる,to be mixed
交じる,まじる,to be mixed
マスク,ますく,mask
混ぜる,まぜる,to mix
交ぜる,まぜる,to be mixed
またぐ,またぐ,to straddle
又は,または,or
待合室,まちあいしつ,waiting room
待ち合わせる,まちあわせる,to rendezvous
街角,まちかど,street corner
真っ暗,まっくら,total darkness
真っ黒,まっくろ,pitch black
真っ青,まっさお,deep blue
真っ先,まっさき,the head
真っ白,まっしろ,pure white
祭る,まつる,to deify
窓口,まどぐち,ticket window
纏まる,まとまる,to be collected
纏める,まとめる,to put in order
真似る,まねる,to mimic
まぶしい,まぶしい,dazzling
まぶた,まぶた,eyelids
マフラー,まふらー,muffler
間も無く,まもなく,soon
マラソン,まらそん,marathon
円い,まるい,round
稀,まれ,rare
回り道,まわりみち,detour
満員,まんいん,full house
マンション,まんしょん,large apartment
満点,まんてん,perfect score
見下ろす,みおろす,to overlook
見掛け,みかけ,outward appearance
三日月,みかづき,new moon
岬,みさき,cape 
ミシン,みしん,sewing machine
店屋,みせや,store
見出し,みだし,heading
道順,みちじゅん,itinerary
見付かる,みつかる,to be found
見付ける,みつける,to be familiar
みっともない,みっともない,shameful
見直す,みなおす,to look again
見慣れる,みなれる,to become used to seeing
醜い,みにくい,ugly
実る,みのる,to bear fruit
身分,みぶん,social position
見本,みほん,sample
見舞う,みまう,to ask after 
未満,みまん,less than
名字,みょうじ,surname
診る,みる,to examine 
民間,みんかん,private
民謡,みんよう,folk song
剥く,むく,to peel
無限,むげん,infinite
無地,むじ,plain
蒸し暑い,むしあつい,humid
矛盾,むじゅん,contradiction
蒸す,むす,to steam
無数,むすう,countless number
紫,むらさき,purple colour
群れ,むれ,group
姪,めい,niece
名作,めいさく,masterpiece
名刺,めいし,business card
名詞,めいし,noun
名所,めいしょ,famous place
命ずる,めいずる,to command
迷信,めいしん,superstition
名物,めいぶつ,famous product
銘々,めいめい,each
目上,めうえ,superior
メーター,めーたー,meter 
恵まれる,めぐまれる,to be blessed with
巡る,めぐる,to go around
目指す,めざす,to aim at
目下,めした,at present
目印,めじるし,mark
目立つ,めだつ,to be conspicuous
めちゃくちゃ,めちゃくちゃ,absurd
めっきり,めっきり,remarkably
めでたい,めでたい,happy
メニュー,めにゅー,menu
めまい,めまい,dizziness
目安,めやす,criterion
免税,めんぜい,tax exemption
面積,めんせき,area
面接,めんせつ,interview
面倒臭い,めんどうくさい,bother to do
儲かる,もうかる,to be profitable
儲ける,もうける,to get
申し訳ない,もうしわけない,inexcusable
モーター,もーたー,motor
木材,もくざい,lumber
目次,もくじ,table of contents
もしかしたら,もしかしたら,perhaps
もしかすると,もしかすると,perhaps
もたれる,もたれる,to lean against
モダン,もだん,modern
餅,もち,sticky rice cake
もったいない,もったいない,too good
モデル,もでる,model
元々,もともと,originally
物置,ものおき,storage room
物語る,ものがたる,to tell
物差し,ものさし,ruler
物凄い,ものすごい,earth-shattering
モノレール,ものれーる,monorail
揉む,もむ,to rub
燃やす,もやす,to burn
催し,もよおし,event
問答,もんどう,questions and answers
夜間,やかん,at night
薬缶,やかん,kettle
役者,やくしゃ,actor
役所,やくしょ,government office
訳す,やくす,to translate
役人,やくにん,government official
薬品,やくひん,medicine
役目,やくめ,duty
火傷,やけど,burn
夜行,やこう,walking around at night
矢印,やじるし,directing arrow
やたらに,やたらに,randomly
薬局,やっきょく,pharmacy
やっつける,やっつける,to attack 
家主,やぬし,landlord
やっぱり,やっぱり,also
破れる,やぶれる,to get torn
やむをえない,やむをえない,cannot be helped
軟らかい,やわらかい,soft
遊園地,ゆうえんち,amusement park
夕刊,ゆうかん,evening paper
友好,ゆうこう,friendship
郵送,ゆうそう,mailing
悠々,ゆうゆう,quiet
有料,ゆうりょう,admission-paid
浴衣,ゆかた,bathrobe
湯気,ゆげ,steam
輸血,ゆけつ,blood transfusion
輸送,ゆそう,transport
油断,ゆだん,negligence
ゆでる,ゆでる,to boil
湯飲み,ゆのみ,teacup
緩い,ゆるい,loose
溶岩,ようがん,lava
容器,ようき,container
用語,ようご,term
要旨,ようし,gist
幼児,ようじ,infant
容積,ようせき,capacity
幼稚,ようち,infancy
幼稚園,ようちえん,kindergarten
用途,ようと,use
洋品店,ようひんてん,shop which handles Western-style apparel and accessories
養分,ようぶん,nourishment
羊毛,ようもう,wool
漸く,ようやく,gradually
要領,ようりょう,point
欲張り,よくばり,avarice
余計,よけい,too much
寄せる,よせる,to collect
余所,よそ,another place
四つ角,よつかど,four corners
酔っ払い,よっぱらい,drunkard
予備,よび,preparation
呼び掛ける,よびかける,to call out to
呼び出す,よびだす,to summon
蘇る,よみがえる,to be resurrected
因る,よる,to come from
来日,らいにち,arrival in Japan
落第,らくだい,failure
ラッシュアワー,らっしゅあわー,rush hour
欄,らん,column of text 
ランチ,らんち,launch
乱暴,らんぼう,rude
理科,りか,science
利害,りがい,advantages and disadvantages
リズム,りずむ,rhythm
リットル,りっとる,litre
リボン,りぼん,ribbon
略す,りゃくす,to abbreviate
寮,りょう,hostel
両側,りょうがわ,both sides
漁師,りょうし,fisherman
領事,りょうじ,consul
領収,りょうしゅう,receipt
臨時,りんじ,temporary
留守番,るすばん,care-taking
例外,れいがい,exception
零点,れいてん,zero
冷凍,れいとう,freezing
レインコート,れいんこーと,raincoat
レクリェーション,れくりぇーしょん,recreation
レジャー,れじゃー,leisure
列島,れっとう,chain of islands
レベル,れべる,level
リポート,りぽーと,report
煉瓦,れんが,brick
連合,れんごう,union
レンズ,れんず,lens
蝋燭,ろうそく,candle
ローマじ,ろーまじ,romanization
ロッカー,ろっかー,locker
ロビー,ろびー,lobby
論ずる,ろんずる,to argue
和英,わえい,Japanese-English
分る,わかる,to be understood
分かれる,わかれる,to branch off
若々しい,わかわかしい,youthful
湧く,わく,to boil
詫びる,わびる,to apologize
和服,わふく,Japanese clothes
わりあいに,わりあいに,comparatively
割算,わりざん,division 
割と,わりと,relatively
割引,わりびき,discount
椀,わん,Japanese soup bowl
碗,わん,bowl
ワンピース,わんぴーす,one-piece dress
